State,Business,Holiday,Other,Visiting,Total_Trips
ACT,10933.9311812,11014.2276125,2178.4444297,13669.6179528,37796.2211762
New South Wales,93089.655812,224815.87433,21636.0106171,185271.577667,524813.1184261
Northern Territory,23068.581646,62904.945757,4379.2395624,26606.247493,116959.01445840001
Queensland,68591.03831999999,160277.920488,16273.1377795,116390.934279,361533.0308665
South Australia,21162.4334263,49682.693172,5835.684801,34097.139315,110777.95071430001
Victoria,59073.644085,168002.023946,14190.8932869,124591.371469,365857.9327869
Western Australia,30559.336415,57584.69616,6718.2813134,39212.24025,134074.5541384
